<?xml version="1.0" encoding="UTF-8"?><rss version="2.0"
	xmlns:content="http://purl.org/rss/1.0/modules/content/"
	xmlns:wfw="http://wellformedweb.org/CommentAPI/"
	xmlns:dc="http://purl.org/dc/elements/1.1/"
	xmlns:atom="http://www.w3.org/2005/Atom"
	xmlns:sy="http://purl.org/rss/1.0/modules/syndication/"
	xmlns:slash="http://purl.org/rss/1.0/modules/slash/"
	>

<channel>
	<title>Coppiolas</title>
	<atom:link href="http://localhost/sitoprova2/feed/?simply_static_page=37" rel="self" type="application/rss+xml" />
	<link></link>
	<description></description>
	<lastBuildDate>Wed, 01 Mar 2023 16:35:43 +0000</lastBuildDate>
	<language>it-IT</language>
	<sy:updatePeriod>
	hourly	</sy:updatePeriod>
	<sy:updateFrequency>
	1	</sy:updateFrequency>
	<generator>https://wordpress.org/?v=6.1.1</generator>
	<item>
		<title>Le Pardulas</title>
		<link>/le-pardulas/</link>
					<comments>/le-pardulas/#respond</comments>
		
		<dc:creator><![CDATA[samuele]]></dc:creator>
		<pubDate>Wed, 01 Mar 2023 16:35:19 +0000</pubDate>
				<category><![CDATA[Dolci sardi]]></category>
		<guid isPermaLink="false">/?p=794</guid>

					<description><![CDATA[Le pardulas,&#160;conosciute anche come casadinas o formaggelle, sono dei tipici dolcetti sardi che si preparano in occasione delle festività pasquali: cestini di pasta croccante ripieni di morbida ricotta, aromatizzata con buccia di limone e arancia e zafferano e decorate con confettini colorati o semplicemente con zucchero a velo. Per la preparazione è importante utilizzare una &#8230;<p class="read-more"> <a class="" href="/le-pardulas/"> <span class="screen-reader-text">Le Pardulas</span> Leggi altro &#187;</a></p>]]></description>
										<content:encoded><![CDATA[
<div class="wp-block-uagb-image uagb-block-a72ba815 wp-block-uagb-image--layout-default wp-block-uagb-image--effect-static wp-block-uagb-image--align-none"><figure class="wp-block-uagb-image__figure"><img decoding="async" srcset="/wp-content/uploads/2023/03/pardulas-blog-2-1024x658.jpeg " src="/wp-content/uploads/2023/03/pardulas-blog-2-1024x658.jpeg" alt="" class="uag-image-795" title="" loading="lazy"/></figure></div>



<p>Le pardulas,&nbsp;conosciute anche come casadinas o formaggelle, sono dei tipici dolcetti sardi che si preparano in occasione delle festività pasquali: cestini di pasta croccante ripieni di morbida ricotta, aromatizzata con buccia di limone e arancia e zafferano e decorate con confettini colorati o semplicemente con zucchero a velo. Per la preparazione è importante utilizzare una ricotta compatta e asciutta, preferendo quella di pecora a quella vaccina. Potete servire le pardulas dopo il pranzo di Pasqua o portarle come dolce per la gita fuori porta di Pasquetta. Realizzarle è davvero semplice, ecco come fare.</p>



<p>continua su: https://www.cookist.it/ricette-sarde/<br>https://www.cookist.it/</p>
]]></content:encoded>
					
					<wfw:commentRss>/le-pardulas/feed/</wfw:commentRss>
			<slash:comments>0</slash:comments>
		
		
			</item>
		<item>
		<title>Le Panadas</title>
		<link>/le-panadas/</link>
					<comments>/le-panadas/#respond</comments>
		
		<dc:creator><![CDATA[samuele]]></dc:creator>
		<pubDate>Wed, 01 Mar 2023 16:34:25 +0000</pubDate>
				<category><![CDATA[Dolci sardi]]></category>
		<guid isPermaLink="false">/?p=791</guid>

					<description><![CDATA[Le panadas o impanadas sono delle tortine salate farcite sarde composte da un guscio croccante di pasta violata ripieno di carne condita. Una ricetta che ha origini antiche, e proprio per questo motivo si è diffusa in tutta l’isola. Ogni zona ha modificato la farcia in base ai prodotti locali e possono essere preparate a &#8230;<p class="read-more"> <a class="" href="/le-panadas/"> <span class="screen-reader-text">Le Panadas</span> Leggi altro &#187;</a></p>]]></description>
										<content:encoded><![CDATA[
<div class="wp-block-uagb-image uagb-block-956c73a0 wp-block-uagb-image--layout-default wp-block-uagb-image--effect-static wp-block-uagb-image--align-none"><figure class="wp-block-uagb-image__figure"><img decoding="async" srcset="/wp-content/uploads/2023/03/panadas.jpeg " src="/wp-content/uploads/2023/03/panadas.jpeg" alt="" class="uag-image-792" width="" height="" title="" loading="lazy"/></figure></div>



<p>Le panadas o impanadas sono delle tortine salate farcite sarde composte da un guscio croccante di pasta violata ripieno di carne condita. Una ricetta che ha origini antiche, e proprio per questo motivo si è diffusa in tutta l’isola. Ogni zona ha modificato la farcia in base ai prodotti locali e possono essere preparate a mezzaluna oppure tonde con il bordo arricciato. La panada più antica si pensa essere quella di Assemini farcita con l’anguilla ma, oggi, i ripieni più utilizzati sono a base di carne di suino o di agnello.</p>



<p>continua su: https://www.cookist.it/ricette-sarde/<br>https://www.cookist.it/</p>
]]></content:encoded>
					
					<wfw:commentRss>/le-panadas/feed/</wfw:commentRss>
			<slash:comments>0</slash:comments>
		
		
			</item>
		<item>
		<title>I Malloreddus Alla Campidanese</title>
		<link>/i-malloreddus-alla-campidanese/</link>
					<comments>/i-malloreddus-alla-campidanese/#respond</comments>
		
		<dc:creator><![CDATA[samuele]]></dc:creator>
		<pubDate>Wed, 01 Mar 2023 16:33:13 +0000</pubDate>
				<category><![CDATA[Primi]]></category>
		<guid isPermaLink="false">/?p=788</guid>

					<description><![CDATA[I malloreddus alla campidanese sono un primo ricco e gustoso appartenente alla tradizione sarda, uno di quei piatti che al primo assaggio vi riporterà ai sapori di un tempo. I malloreddus, termine dialettale che significa &#8220;vitellini&#8221;, sono conosciuti anche come gnocchetti sardi, ciciones, aidos o cravaos: si tratta di una pasta tipica della cucina regionale, &#8230;<p class="read-more"> <a class="" href="/i-malloreddus-alla-campidanese/"> <span class="screen-reader-text">I Malloreddus Alla Campidanese</span> Leggi altro &#187;</a></p>]]></description>
										<content:encoded><![CDATA[
<div class="wp-block-uagb-image uagb-block-9961d7e9 wp-block-uagb-image--layout-default wp-block-uagb-image--effect-static wp-block-uagb-image--align-none"><figure class="wp-block-uagb-image__figure"><img decoding="async" srcset="/wp-content/uploads/2023/03/malloreddus_campidanese_thumb.jpeg " src="/wp-content/uploads/2023/03/malloreddus_campidanese_thumb.jpeg" alt="" class="uag-image-789" title="" loading="lazy"/></figure></div>



<p>I malloreddus alla campidanese sono un primo ricco e gustoso appartenente alla tradizione sarda, uno di quei piatti che al primo assaggio vi riporterà ai sapori di un tempo. I malloreddus, termine dialettale che significa &#8220;vitellini&#8221;, sono conosciuti anche come gnocchetti sardi, ciciones, aidos o cravaos: si tratta di una pasta tipica della cucina regionale, confezionata con semola di grano duro, acqua e zafferano, a forma di piccola conchiglia rigata e dal caratteristico colore giallo oro.</p>



<p>continua su: https://www.cookist.it/ricette-sarde/<br>https://www.cookist.it/</p>
]]></content:encoded>
					
					<wfw:commentRss>/i-malloreddus-alla-campidanese/feed/</wfw:commentRss>
			<slash:comments>0</slash:comments>
		
		
			</item>
		<item>
		<title>Fregola Con Arselle</title>
		<link>/fregola-con-arselle/</link>
					<comments>/fregola-con-arselle/#respond</comments>
		
		<dc:creator><![CDATA[samuele]]></dc:creator>
		<pubDate>Wed, 01 Mar 2023 16:31:34 +0000</pubDate>
				<category><![CDATA[Primi]]></category>
		<guid isPermaLink="false">/?p=785</guid>

					<description><![CDATA[La fregola con arselle, in dialetto fregula con cocciula, è un primo tipico della cucina sarda realizzato con il tradizionale formato di pasta locale. Simile nella forma al cous cous, la fregola si ottiene mescolando acqua e semola e si sposa perfettamente con i sughetti a base di pesce. Le palline di impasto vengono ottenute &#8230;<p class="read-more"> <a class="" href="/fregola-con-arselle/"> <span class="screen-reader-text">Fregola Con Arselle</span> Leggi altro &#187;</a></p>]]></description>
										<content:encoded><![CDATA[
<div class="wp-block-uagb-image uagb-block-3b6d78d1 wp-block-uagb-image--layout-default wp-block-uagb-image--effect-static wp-block-uagb-image--align-none"><figure class="wp-block-uagb-image__figure"><img decoding="async" srcset="/wp-content/uploads/2023/03/fregola.jpeg " src="/wp-content/uploads/2023/03/fregola.jpeg" alt="" class="uag-image-786" title="" loading="lazy"/></figure></div>



<p>La fregola con arselle, in dialetto fregula con cocciula, è un primo tipico della cucina sarda realizzato con il tradizionale formato di pasta locale. Simile nella forma al cous cous, la fregola si ottiene mescolando acqua e semola e si sposa perfettamente con i sughetti a base di pesce. Le palline di impasto vengono ottenute grazie a un particolare movimento con le mani e poi tostate in forno. Nella nostra ricetta viene cotta per assorbimento, proprio come fosse un risotto, in un condimento preparato con passata di pomodoro e arselle, per l&#8217;appunto.</p>



<p>continua su: https://www.cookist.it/ricette-sarde/<br>https://www.cookist.it/</p>
]]></content:encoded>
					
					<wfw:commentRss>/fregola-con-arselle/feed/</wfw:commentRss>
			<slash:comments>0</slash:comments>
		
		
			</item>
	</channel>
</rss>
